CREATE DATABASE  IF NOT EXISTS `shopmohinh` /*!40100 DEFAULT CHARACTER SET utf8mb4 COLLATE utf8mb4_0900_ai_ci */ /*!80016 DEFAULT ENCRYPTION='N' */;
USE `shopmohinh`;
-- MySQL dump 10.13  Distrib 8.0.43, for Win64 (x86_64)
--
-- Host: localhost    Database: shopmohinh
-- ------------------------------------------------------
-- Server version	8.0.43

/*!40101 SET @OLD_CHARACTER_SET_CLIENT=@@CHARACTER_SET_CLIENT */;
/*!40101 SET @OLD_CHARACTER_SET_RESULTS=@@CHARACTER_SET_RESULTS */;
/*!40101 SET @OLD_COLLATION_CONNECTION=@@COLLATION_CONNECTION */;
/*!50503 SET NAMES utf8 */;
/*!40103 SET @OLD_TIME_ZONE=@@TIME_ZONE */;
/*!40103 SET TIME_ZONE='+00:00' */;
/*!40014 SET @OLD_UNIQUE_CHECKS=@@UNIQUE_CHECKS, UNIQUE_CHECKS=0 */;
/*!40014 SET @OLD_FOREIGN_KEY_CHECKS=@@FOREIGN_KEY_CHECKS, FOREIGN_KEY_CHECKS=0 */;
/*!40101 SET @OLD_SQL_MODE=@@SQL_MODE, SQL_MODE='NO_AUTO_VALUE_ON_ZERO' */;
/*!40111 SET @OLD_SQL_NOTES=@@SQL_NOTES, SQL_NOTES=0 */;

--
-- Table structure for table `bill`
--

DROP TABLE IF EXISTS `bill`;
/*!40101 SET @saved_cs_client     = @@character_set_client */;
/*!50503 SET character_set_client = utf8mb4 */;
CREATE TABLE `bill` (
  `id` bigint NOT NULL AUTO_INCREMENT,
  `payment_id` bigint DEFAULT NULL,
  `customer_id` bigint DEFAULT NULL,
  `staff_id` bigint DEFAULT NULL,
  `code` varchar(225) DEFAULT NULL,
  `fee_ship` float DEFAULT NULL,
  `customer_name` varchar(225) DEFAULT NULL,
  `phone` varchar(20) DEFAULT NULL,
  `email` varchar(225) DEFAULT NULL,
  `note` varchar(500) CHARACTER SET utf8mb3 COLLATE utf8mb3_general_ci DEFAULT NULL,
  `total_money` float DEFAULT NULL,
  `status` varchar(225) DEFAULT NULL,
  `deleted` bit(1) DEFAULT NULL,
  `created_date` datetime DEFAULT NULL,
  `updated_date` datetime DEFAULT NULL,
  `updated_by` varchar(225) DEFAULT NULL,
  `created_by` varchar(225) DEFAULT NULL,
  PRIMARY KEY (`id`),
  KEY `fk_customer_relation` (`customer_id`),
  KEY `fk_payment_relation` (`payment_id`),
  KEY `fk_staff_relation` (`staff_id`),
  CONSTRAINT `fk_customer_relation` FOREIGN KEY (`customer_id`) REFERENCES `user` (`ID`) ON DELETE CASCADE,
  CONSTRAINT `fk_payment_relation` FOREIGN KEY (`payment_id`) REFERENCES `payment_method` (`id`) ON DELETE CASCADE,
  CONSTRAINT `fk_staff_relation` FOREIGN KEY (`staff_id`) REFERENCES `user` (`ID`) ON DELETE CASCADE
) ENGINE=InnoDB DEFAULT CHARSET=utf8mb4 COLLATE=utf8mb4_0900_ai_ci;
/*!40101 SET character_set_client = @saved_cs_client */;

--
-- Dumping data for table `bill`
--

LOCK TABLES `bill` WRITE;
/*!40000 ALTER TABLE `bill` DISABLE KEYS */;
/*!40000 ALTER TABLE `bill` ENABLE KEYS */;
UNLOCK TABLES;

--
-- Table structure for table `bill_detail`
--

DROP TABLE IF EXISTS `bill_detail`;
/*!40101 SET @saved_cs_client     = @@character_set_client */;
/*!50503 SET character_set_client = utf8mb4 */;
CREATE TABLE `bill_detail` (
  `id` bigint NOT NULL AUTO_INCREMENT,
  `product_id` bigint DEFAULT NULL,
  `bill_id` bigint DEFAULT NULL,
  `code` varchar(225) DEFAULT NULL,
  `quantity` int DEFAULT NULL,
  `price` float DEFAULT NULL,
  `status` varchar(225) DEFAULT NULL,
  `deleted` bit(1) DEFAULT NULL,
  `created_date` datetime DEFAULT NULL,
  `updated_date` datetime DEFAULT NULL,
  `updated_by` varchar(225) DEFAULT NULL,
  `created_by` varchar(225) DEFAULT NULL,
  PRIMARY KEY (`id`),
  KEY `fk_bill_relation` (`bill_id`),
  KEY `fk_product_relation` (`product_id`),
  CONSTRAINT `fk_bill_relation` FOREIGN KEY (`bill_id`) REFERENCES `bill` (`id`) ON DELETE CASCADE,
  CONSTRAINT `fk_product_relation` FOREIGN KEY (`product_id`) REFERENCES `product` (`ID`) ON DELETE CASCADE
) ENGINE=InnoDB DEFAULT CHARSET=utf8mb4 COLLATE=utf8mb4_0900_ai_ci;
/*!40101 SET character_set_client = @saved_cs_client */;

--
-- Dumping data for table `bill_detail`
--

LOCK TABLES `bill_detail` WRITE;
/*!40000 ALTER TABLE `bill_detail` DISABLE KEYS */;
/*!40000 ALTER TABLE `bill_detail` ENABLE KEYS */;
UNLOCK TABLES;

--
-- Table structure for table `brand`
--

DROP TABLE IF EXISTS `brand`;
/*!40101 SET @saved_cs_client     = @@character_set_client */;
/*!50503 SET character_set_client = utf8mb4 */;
CREATE TABLE `brand` (
  `id` bigint NOT NULL AUTO_INCREMENT,
  `code` varchar(225) DEFAULT NULL,
  `name` varchar(225) CHARACTER SET utf8mb3 COLLATE utf8mb3_general_ci DEFAULT NULL,
  `description` varchar(500) CHARACTER SET utf8mb3 COLLATE utf8mb3_general_ci DEFAULT NULL,
  `status` int DEFAULT NULL,
  `deleted` bit(1) DEFAULT NULL,
  `created_date` datetime DEFAULT NULL,
  `updated_date` datetime DEFAULT NULL,
  `updated_by` varchar(225) DEFAULT NULL,
  `created_by` varchar(225) DEFAULT NULL,
  PRIMARY KEY (`id`)
) ENGINE=InnoDB DEFAULT CHARSET=utf8mb4 COLLATE=utf8mb4_0900_ai_ci;
/*!40101 SET character_set_client = @saved_cs_client */;

--
-- Dumping data for table `brand`
--

LOCK TABLES `brand` WRITE;
/*!40000 ALTER TABLE `brand` DISABLE KEYS */;
/*!40000 ALTER TABLE `brand` ENABLE KEYS */;
UNLOCK TABLES;

--
-- Table structure for table `cart`
--

DROP TABLE IF EXISTS `cart`;
/*!40101 SET @saved_cs_client     = @@character_set_client */;
/*!50503 SET character_set_client = utf8mb4 */;
CREATE TABLE `cart` (
  `id` bigint NOT NULL AUTO_INCREMENT,
  `user_id` bigint DEFAULT NULL,
  `code` varchar(225) DEFAULT NULL,
  `deleted` bit(1) DEFAULT NULL,
  `created_date` datetime DEFAULT NULL,
  `updated_date` datetime DEFAULT NULL,
  `updated_by` varchar(225) DEFAULT NULL,
  `created_by` varchar(225) DEFAULT NULL,
  PRIMARY KEY (`id`),
  KEY `fk_user_relation` (`user_id`),
  CONSTRAINT `fk_user_relation` FOREIGN KEY (`user_id`) REFERENCES `user` (`ID`) ON DELETE CASCADE
) ENGINE=InnoDB AUTO_INCREMENT=2 DEFAULT CHARSET=utf8mb4 COLLATE=utf8mb4_0900_ai_ci;
/*!40101 SET character_set_client = @saved_cs_client */;

--
-- Dumping data for table `cart`
--

LOCK TABLES `cart` WRITE;
/*!40000 ALTER TABLE `cart` DISABLE KEYS */;
INSERT INTO `cart` VALUES (1,2,'CART1',_binary '','2025-10-23 07:50:54',NULL,NULL,'admin1');
/*!40000 ALTER TABLE `cart` ENABLE KEYS */;
UNLOCK TABLES;

--
-- Table structure for table `cart_detail`
--

DROP TABLE IF EXISTS `cart_detail`;
/*!40101 SET @saved_cs_client     = @@character_set_client */;
/*!50503 SET character_set_client = utf8mb4 */;
CREATE TABLE `cart_detail` (
  `id` bigint NOT NULL AUTO_INCREMENT,
  `product_id` bigint DEFAULT NULL,
  `cart_id` bigint DEFAULT NULL,
  `code` varchar(225) DEFAULT NULL,
  `quantity` int DEFAULT NULL,
  `deleted` bit(1) DEFAULT NULL,
  `created_date` datetime DEFAULT NULL,
  `updated_date` datetime DEFAULT NULL,
  `updated_by` varchar(225) DEFAULT NULL,
  `created_by` varchar(225) DEFAULT NULL,
  PRIMARY KEY (`id`),
  KEY `fk_cart_relation_cart_detail` (`cart_id`),
  KEY `fk_product_relation_cart_detail` (`product_id`),
  CONSTRAINT `fk_cart_relation_cart_detail` FOREIGN KEY (`cart_id`) REFERENCES `cart` (`id`) ON DELETE CASCADE,
  CONSTRAINT `fk_product_relation_cart_detail` FOREIGN KEY (`product_id`) REFERENCES `product` (`ID`) ON DELETE CASCADE
) ENGINE=InnoDB DEFAULT CHARSET=utf8mb4 COLLATE=utf8mb4_0900_ai_ci;
/*!40101 SET character_set_client = @saved_cs_client */;

--
-- Dumping data for table `cart_detail`
--

LOCK TABLES `cart_detail` WRITE;
/*!40000 ALTER TABLE `cart_detail` DISABLE KEYS */;
/*!40000 ALTER TABLE `cart_detail` ENABLE KEYS */;
UNLOCK TABLES;

--
-- Table structure for table `category`
--

DROP TABLE IF EXISTS `category`;
/*!40101 SET @saved_cs_client     = @@character_set_client */;
/*!50503 SET character_set_client = utf8mb4 */;
CREATE TABLE `category` (
  `ID` bigint NOT NULL AUTO_INCREMENT,
  `CODE` varchar(255) DEFAULT NULL,
  `NAME` varchar(255) CHARACTER SET utf8mb3 COLLATE utf8mb3_general_ci DEFAULT NULL,
  `STATUS` varchar(255) DEFAULT NULL,
  `CREATED_DATE` datetime(6) DEFAULT NULL,
  `CREATED_BY` varchar(255) DEFAULT NULL,
  `UPDATED_DATE` datetime(6) DEFAULT NULL,
  `UPDATED_BY` varchar(255) DEFAULT NULL,
  `DELETED` bit(1) DEFAULT NULL,
  PRIMARY KEY (`ID`)
) ENGINE=InnoDB DEFAULT CHARSET=utf8mb4 COLLATE=utf8mb4_0900_ai_ci;
/*!40101 SET character_set_client = @saved_cs_client */;

--
-- Dumping data for table `category`
--

LOCK TABLES `category` WRITE;
/*!40000 ALTER TABLE `category` DISABLE KEYS */;
/*!40000 ALTER TABLE `category` ENABLE KEYS */;
UNLOCK TABLES;

--
-- Table structure for table `image`
--

DROP TABLE IF EXISTS `image`;
/*!40101 SET @saved_cs_client     = @@character_set_client */;
/*!50503 SET character_set_client = utf8mb4 */;
CREATE TABLE `image` (
  `id` bigint NOT NULL AUTO_INCREMENT,
  `product_id` bigint DEFAULT NULL,
  `image_url` varchar(500) DEFAULT NULL,
  `is_main` tinyint(1) DEFAULT '0',
  `created_date` datetime(6) DEFAULT NULL,
  `created_by` varchar(255) DEFAULT NULL,
  `updated_date` datetime(6) DEFAULT NULL,
  `updated_by` varchar(255) DEFAULT NULL,
  `deleted` tinyint(1) DEFAULT NULL,
  PRIMARY KEY (`id`),
  KEY `product_id` (`product_id`),
  CONSTRAINT `image_ibfk_1` FOREIGN KEY (`product_id`) REFERENCES `product` (`ID`)
) ENGINE=InnoDB AUTO_INCREMENT=14 DEFAULT CHARSET=utf8mb4 COLLATE=utf8mb4_0900_ai_ci;
/*!40101 SET character_set_client = @saved_cs_client */;

--
-- Dumping data for table `image`
--

LOCK TABLES `image` WRITE;
/*!40000 ALTER TABLE `image` DISABLE KEYS */;
INSERT INTO `image` VALUES (1,11,'https://res.cloudinary.com/dvxobkvcx/image/upload/v1761663105/Gundam_RX_78_2_ammpvl.jpg',1,'2025-10-09 21:17:56.000000','admin','2025-10-12 22:52:54.000000','admin',0),(2,11,'https://res.cloudinary.com/dvxobkvcx/image/upload/v1761663105/Gundam_RX_78_2_ammpvl.jpg',0,'2025-10-09 21:17:56.000000','admin','2025-10-12 22:52:54.000000','admin',0),(3,11,'https://res.cloudinary.com/dvxobkvcx/image/upload/v1761663105/Gundam_RX_78_2_ammpvl.jpg',0,'2025-10-09 21:17:56.000000','admin','2025-10-12 22:52:54.000000','admin',0),(4,12,'https://res.cloudinary.com/dvxobkvcx/image/upload/v1761663105/Luffy_Gear_5_k3jydf.jpg',1,'2025-10-09 21:17:56.000000','admin','2025-10-12 22:57:37.000000','admin',0),(5,12,'https://res.cloudinary.com/dvxobkvcx/image/upload/v1761663105/Luffy_Gear_5_k3jydf.jpg',0,'2025-10-09 21:17:56.000000','admin','2025-10-12 22:57:37.000000','admin',0),(6,13,'https://res.cloudinary.com/dvxobkvcx/image/upload/v1761663105/Naruto_Sage_tqmeip.jpg',1,'2025-10-09 21:17:56.000000','admin','2025-10-12 22:57:37.000000','admin',0),(7,13,'https://res.cloudinary.com/dvxobkvcx/image/upload/v1761663105/Naruto_Sage_tqmeip.jpg',0,'2025-10-09 21:17:56.000000','admin','2025-10-12 22:57:37.000000','admin',0),(8,14,'https://res.cloudinary.com/dvxobkvcx/image/upload/v1761663105/Iron_Man_Mark_85_d180qc.jpg',1,'2025-10-09 21:17:56.000000','admin','2025-10-12 22:57:37.000000','admin',0),(9,14,'https://res.cloudinary.com/dvxobkvcx/image/upload/v1761663105/Iron_Man_Mark_85_d180qc.jpg',0,'2025-10-09 21:17:56.000000','admin','2025-10-12 22:57:37.000000','admin',0),(10,14,'https://res.cloudinary.com/dvxobkvcx/image/upload/v1761663105/Iron_Man_Mark_85_d180qc.jpg',0,'2025-10-09 21:17:56.000000','admin','2025-10-12 22:57:37.000000','admin',0),(11,15,'https://res.cloudinary.com/dvxobkvcx/image/upload/v1761663104/Optimus_Prime_dbi6ml.jpg',1,'2025-10-09 21:17:56.000000','admin','2025-10-12 22:57:37.000000','admin',0),(12,15,'https://res.cloudinary.com/dvxobkvcx/image/upload/v1761663104/Optimus_Prime_dbi6ml.jpg',0,'2025-10-09 21:17:56.000000','admin','2025-10-12 22:57:37.000000','admin',0),(13,15,'https://res.cloudinary.com/dvxobkvcx/image/upload/v1761663104/Optimus_Prime_dbi6ml.jpg',0,'2025-10-09 21:17:56.000000','admin','2025-10-12 22:57:37.000000','admin',0);
/*!40000 ALTER TABLE `image` ENABLE KEYS */;
UNLOCK TABLES;

--
-- Table structure for table `invalidatedtoken`
--

DROP TABLE IF EXISTS `invalidatedtoken`;
/*!40101 SET @saved_cs_client     = @@character_set_client */;
/*!50503 SET character_set_client = utf8mb4 */;
CREATE TABLE `invalidatedtoken` (
  `ID` varchar(500) NOT NULL,
  `EXPIRYTIME` date DEFAULT NULL,
  PRIMARY KEY (`ID`)
) ENGINE=InnoDB DEFAULT CHARSET=utf8mb4 COLLATE=utf8mb4_0900_ai_ci;
/*!40101 SET character_set_client = @saved_cs_client */;

--
-- Dumping data for table `invalidatedtoken`
--

LOCK TABLES `invalidatedtoken` WRITE;
/*!40000 ALTER TABLE `invalidatedtoken` DISABLE KEYS */;
/*!40000 ALTER TABLE `invalidatedtoken` ENABLE KEYS */;
UNLOCK TABLES;

--
-- Table structure for table `material`
--

DROP TABLE IF EXISTS `material`;
/*!40101 SET @saved_cs_client     = @@character_set_client */;
/*!50503 SET character_set_client = utf8mb4 */;
CREATE TABLE `material` (
  `id` bigint NOT NULL AUTO_INCREMENT,
  `code` varchar(225) DEFAULT NULL,
  `name` varchar(225) CHARACTER SET utf8mb3 COLLATE utf8mb3_general_ci DEFAULT NULL,
  `description` varchar(500) CHARACTER SET utf8mb3 COLLATE utf8mb3_general_ci DEFAULT NULL,
  `status` int DEFAULT NULL,
  `deleted` bit(1) DEFAULT NULL,
  `created_date` datetime DEFAULT NULL,
  `updated_date` datetime DEFAULT NULL,
  `updated_by` varchar(225) DEFAULT NULL,
  `created_by` varchar(225) DEFAULT NULL,
  PRIMARY KEY (`id`)
) ENGINE=InnoDB DEFAULT CHARSET=utf8mb4 COLLATE=utf8mb4_0900_ai_ci;
/*!40101 SET character_set_client = @saved_cs_client */;

--
-- Dumping data for table `material`
--

LOCK TABLES `material` WRITE;
/*!40000 ALTER TABLE `material` DISABLE KEYS */;
/*!40000 ALTER TABLE `material` ENABLE KEYS */;
UNLOCK TABLES;

--
-- Table structure for table `password_reset_tokens`
--

DROP TABLE IF EXISTS `password_reset_tokens`;
/*!40101 SET @saved_cs_client     = @@character_set_client */;
/*!50503 SET character_set_client = utf8mb4 */;
CREATE TABLE `password_reset_tokens` (
  `id` bigint NOT NULL AUTO_INCREMENT,
  `token` varchar(550) DEFAULT NULL,
  `expiry_date` datetime DEFAULT NULL,
  `user_id` bigint DEFAULT NULL,
  PRIMARY KEY (`id`)
) ENGINE=InnoDB DEFAULT CHARSET=utf8mb4 COLLATE=utf8mb4_0900_ai_ci;
/*!40101 SET character_set_client = @saved_cs_client */;

--
-- Dumping data for table `password_reset_tokens`
--

LOCK TABLES `password_reset_tokens` WRITE;
/*!40000 ALTER TABLE `password_reset_tokens` DISABLE KEYS */;
/*!40000 ALTER TABLE `password_reset_tokens` ENABLE KEYS */;
UNLOCK TABLES;

--
-- Table structure for table `payment_method`
--

DROP TABLE IF EXISTS `payment_method`;
/*!40101 SET @saved_cs_client     = @@character_set_client */;
/*!50503 SET character_set_client = utf8mb4 */;
CREATE TABLE `payment_method` (
  `id` bigint NOT NULL AUTO_INCREMENT,
  `code` varchar(225) DEFAULT NULL,
  `name` varchar(225) CHARACTER SET utf8mb3 COLLATE utf8mb3_general_ci DEFAULT NULL,
  `description` varchar(500) CHARACTER SET utf8mb3 COLLATE utf8mb3_general_ci DEFAULT NULL,
  `status` varchar(225) DEFAULT NULL,
  `deleted` bit(1) DEFAULT NULL,
  `created_date` datetime DEFAULT NULL,
  `updated_date` datetime DEFAULT NULL,
  `updated_by` varchar(225) DEFAULT NULL,
  `created_by` varchar(225) DEFAULT NULL,
  PRIMARY KEY (`id`)
) ENGINE=InnoDB AUTO_INCREMENT=5 DEFAULT CHARSET=utf8mb4 COLLATE=utf8mb4_0900_ai_ci;
/*!40101 SET character_set_client = @saved_cs_client */;

--
-- Dumping data for table `payment_method`
--

LOCK TABLES `payment_method` WRITE;
/*!40000 ALTER TABLE `payment_method` DISABLE KEYS */;
INSERT INTO `payment_method` VALUES (1,NULL,'VNPay',NULL,NULL,NULL,NULL,NULL,NULL,NULL),(2,NULL,'MoMo',NULL,NULL,NULL,NULL,NULL,NULL,NULL);
/*!40000 ALTER TABLE `payment_method` ENABLE KEYS */;
UNLOCK TABLES;

--
-- Table structure for table `permission`
--

DROP TABLE IF EXISTS `permission`;
/*!40101 SET @saved_cs_client     = @@character_set_client */;
/*!50503 SET character_set_client = utf8mb4 */;
CREATE TABLE `permission` (
  `ID` bigint NOT NULL AUTO_INCREMENT,
  `CODE` varchar(255) DEFAULT NULL,
  `NAME` varchar(255) CHARACTER SET utf8mb3 COLLATE utf8mb3_general_ci DEFAULT NULL,
  `STATUS` varchar(255) DEFAULT NULL,
  `CREATED_DATE` datetime(6) DEFAULT NULL,
  `CREATED_BY` varchar(255) DEFAULT NULL,
  `UPDATED_DATE` datetime(6) DEFAULT NULL,
  `UPDATED_BY` varchar(255) DEFAULT NULL,
  `DELETED` bit(1) DEFAULT NULL,
  PRIMARY KEY (`ID`)
) ENGINE=InnoDB AUTO_INCREMENT=3 DEFAULT CHARSET=utf8mb4 COLLATE=utf8mb4_0900_ai_ci;
/*!40101 SET character_set_client = @saved_cs_client */;

--
-- Dumping data for table `permission`
--

LOCK TABLES `permission` WRITE;
/*!40000 ALTER TABLE `permission` DISABLE KEYS */;
INSERT INTO `permission` VALUES (1,'SHOW_USER','Xem user','ACTIVE',NULL,NULL,NULL,NULL,_binary '\0');
/*!40000 ALTER TABLE `permission` ENABLE KEYS */;
UNLOCK TABLES;

--
-- Table structure for table `product`
--

DROP TABLE IF EXISTS `product`;
/*!40101 SET @saved_cs_client     = @@character_set_client */;
/*!50503 SET character_set_client = utf8mb4 */;
CREATE TABLE `product` (
  `ID` bigint NOT NULL AUTO_INCREMENT,
  `CREATED_DATE` datetime(6) DEFAULT NULL,
  `CREATED_BY` varchar(255) DEFAULT NULL,
  `UPDATED_DATE` datetime(6) DEFAULT NULL,
  `UPDATED_BY` varchar(255) DEFAULT NULL,
  `DELETED` bit(1) DEFAULT NULL,
  `CODE` varchar(255) DEFAULT NULL,
  `DESCRIPTION` varchar(255) DEFAULT NULL,
  `HEIGHT` double DEFAULT NULL,
  `NAME` varchar(255) CHARACTER SET utf8mb3 COLLATE utf8mb3_general_ci DEFAULT NULL,
  `PRICE` decimal(14,2) DEFAULT NULL,
  `QUANTITY` bigint DEFAULT NULL,
  `STATUS` int DEFAULT NULL,
  `WEIGHT` double DEFAULT NULL,
  `CATEGORY_ID` bigint DEFAULT NULL,
  PRIMARY KEY (`ID`),
  UNIQUE KEY `uq_product_code` (`CODE`),
  KEY `FK1mtsbur82frn64de7balymq9s` (`CATEGORY_ID`),
  CONSTRAINT `FK1mtsbur82frn64de7balymq9s` FOREIGN KEY (`CATEGORY_ID`) REFERENCES `category` (`ID`)
) ENGINE=InnoDB AUTO_INCREMENT=16 DEFAULT CHARSET=utf8mb4 COLLATE=utf8mb4_0900_ai_ci;
/*!40101 SET character_set_client = @saved_cs_client */;

--
-- Dumping data for table `product`
--

LOCK TABLES `product` WRITE;
/*!40000 ALTER TABLE `product` DISABLE KEYS */;
INSERT INTO `product` VALUES (11,NULL,NULL,NULL,NULL,_binary '\0','P001','M├┤ h├¼nh Gundam RX-78-2 tß╗ē lß╗ć 1/144',15,'Gundam RX-78-2',499000.00,50,1,0.35,NULL),(12,NULL,NULL,NULL,NULL,_binary '\0','P002','M├┤ h├¼nh Luffy Gear 5 (One Piece)',20,'Luffy Gear 5',599000.00,40,1,0.5,NULL),(13,NULL,NULL,NULL,NULL,_binary '\0','P003','M├┤ h├¼nh Naruto Sage Mode',18,'Naruto Sage',550000.00,30,1,0.45,NULL),(14,NULL,NULL,NULL,NULL,_binary '\0','P004','M├┤ h├¼nh Iron Man Mark 85 (Avengers)',22,'Iron Man Mark 85',890000.00,20,1,0.8,NULL),(15,NULL,NULL,NULL,NULL,_binary '\0','P005','M├┤ h├¼nh Optimus Prime (Transformers)',25,'Optimus Prime',1200000.00,15,1,1.1,NULL);
/*!40000 ALTER TABLE `product` ENABLE KEYS */;
UNLOCK TABLES;

--
-- Table structure for table `role`
--

DROP TABLE IF EXISTS `role`;
/*!40101 SET @saved_cs_client     = @@character_set_client */;
/*!50503 SET character_set_client = utf8mb4 */;
CREATE TABLE `role` (
  `ID` bigint NOT NULL AUTO_INCREMENT,
  `CODE` varchar(255) DEFAULT NULL,
  `NAME` varchar(255) CHARACTER SET utf8mb3 COLLATE utf8mb3_general_ci DEFAULT NULL,
  `STATUS` varchar(255) DEFAULT NULL,
  `CREATED_DATE` datetime(6) DEFAULT NULL,
  `CREATED_BY` varchar(255) DEFAULT NULL,
  `UPDATED_DATE` datetime(6) DEFAULT NULL,
  `UPDATED_BY` varchar(255) DEFAULT NULL,
  `DELETED` bit(1) DEFAULT NULL,
  PRIMARY KEY (`ID`)
) ENGINE=InnoDB AUTO_INCREMENT=7 DEFAULT CHARSET=utf8mb4 COLLATE=utf8mb4_0900_ai_ci;
/*!40101 SET character_set_client = @saved_cs_client */;

--
-- Dumping data for table `role`
--

LOCK TABLES `role` WRITE;
/*!40000 ALTER TABLE `role` DISABLE KEYS */;
INSERT INTO `role` VALUES (1,'ADMIN','QUAN TRI','ACTIVE',NULL,NULL,NULL,NULL,_binary '\0'),(2,'USER','NGUOI DUNG','ACTIVE',NULL,NULL,NULL,NULL,_binary '\0'),(3,'STAFF','NHAN VIEN','ACTIVE',NULL,NULL,NULL,NULL,_binary '\0');
/*!40000 ALTER TABLE `role` ENABLE KEYS */;
UNLOCK TABLES;

--
-- Table structure for table `role_permissions`
--

DROP TABLE IF EXISTS `role_permissions`;
/*!40101 SET @saved_cs_client     = @@character_set_client */;
/*!50503 SET character_set_client = utf8mb4 */;
CREATE TABLE `role_permissions` (
  `role_id` bigint NOT NULL,
  `permissions_id` bigint NOT NULL,
  PRIMARY KEY (`role_id`,`permissions_id`),
  KEY `FKclluu29apreb6osx6ogt4qe16` (`permissions_id`),
  CONSTRAINT `FKclluu29apreb6osx6ogt4qe16` FOREIGN KEY (`permissions_id`) REFERENCES `permission` (`ID`),
  CONSTRAINT `FKlodb7xh4a2xjv39gc3lsop95n` FOREIGN KEY (`role_id`) REFERENCES `role` (`ID`)
) ENGINE=InnoDB DEFAULT CHARSET=utf8mb4 COLLATE=utf8mb4_0900_ai_ci;
/*!40101 SET character_set_client = @saved_cs_client */;

--
-- Dumping data for table `role_permissions`
--

LOCK TABLES `role_permissions` WRITE;
/*!40000 ALTER TABLE `role_permissions` DISABLE KEYS */;
INSERT INTO `role_permissions` VALUES (1, 1);
/*!40000 ALTER TABLE `role_permissions` ENABLE KEYS */;
UNLOCK TABLES;

--
-- Table structure for table `size`
--

DROP TABLE IF EXISTS `size`;
/*!40101 SET @saved_cs_client     = @@character_set_client */;
/*!50503 SET character_set_client = utf8mb4 */;
CREATE TABLE `size` (
  `id` bigint NOT NULL AUTO_INCREMENT,
  `code` varchar(225) DEFAULT NULL,
  `name` varchar(225) CHARACTER SET utf8mb3 COLLATE utf8mb3_general_ci DEFAULT NULL,
  `description` varchar(500) CHARACTER SET utf8mb3 COLLATE utf8mb3_general_ci DEFAULT NULL,
  `status` int DEFAULT NULL,
  `deleted` bit(1) DEFAULT NULL,
  `created_date` datetime DEFAULT NULL,
  `updated_date` datetime DEFAULT NULL,
  `updated_by` varchar(225) DEFAULT NULL,
  `created_by` varchar(225) DEFAULT NULL,
  PRIMARY KEY (`id`)
) ENGINE=InnoDB DEFAULT CHARSET=utf8mb4 COLLATE=utf8mb4_0900_ai_ci;
/*!40101 SET character_set_client = @saved_cs_client */;

--
-- Dumping data for table `size`
--

LOCK TABLES `size` WRITE;
/*!40000 ALTER TABLE `size` DISABLE KEYS */;
/*!40000 ALTER TABLE `size` ENABLE KEYS */;
UNLOCK TABLES;

--
-- Table structure for table `user`
--

DROP TABLE IF EXISTS `user`;
/*!40101 SET @saved_cs_client     = @@character_set_client */;
/*!50503 SET character_set_client = utf8mb4 */;
CREATE TABLE `user` (
  `ID` bigint NOT NULL AUTO_INCREMENT,
  `CODE` varchar(255) DEFAULT NULL,
  `SEX` bit(1) DEFAULT NULL,
  `ADDRESS` varchar(255) DEFAULT NULL,
  `PHONE` varchar(255) DEFAULT NULL,
  `EMAIL` varchar(255) DEFAULT NULL,
  `STATUS` varchar(255) DEFAULT NULL,
  `DATE` date DEFAULT NULL,
  `USERNAME` varchar(255) DEFAULT NULL,
  `PASSWORD` varchar(255) DEFAULT NULL,
  `CREATED_DATE` datetime(6) DEFAULT NULL,
  `CREATED_BY` varchar(255) DEFAULT NULL,
  `UPDATED_DATE` datetime(6) DEFAULT NULL,
  `UPDATED_BY` varchar(255) DEFAULT NULL,
  `DELETED` bit(1) DEFAULT NULL,
  `NAME` varchar(255) CHARACTER SET utf8mb3 COLLATE utf8mb3_general_ci DEFAULT NULL,
  `AVATAR` varchar(550) DEFAULT NULL,
  PRIMARY KEY (`ID`)
) ENGINE=InnoDB AUTO_INCREMENT=3 DEFAULT CHARSET=utf8mb4 COLLATE=utf8mb4_0900_ai_ci;
/*!40101 SET character_set_client = @saved_cs_client */;

--
-- Dumping data for table `user`
--

LOCK TABLES `user` WRITE;
/*!40000 ALTER TABLE `user` DISABLE KEYS */;
INSERT INTO `user` VALUES (1,'ACC1',NULL,NULL,NULL,'giangdaica10x@gmail.com',NULL,NULL,'admin','$2a$10$5YGRs.1wZmDdonhzirmRL.iq5bEeUcWyuTBrd.5zlfu6A7ofPowla',NULL,NULL,NULL,NULL,_binary '','admin',NULL),(2,'USER001',NULL,NULL,NULL,'dta181104@gmail.com',NULL,NULL,'admin1','$2a$10$ofKEmrD2xx9Gpq6X4MkIeO5mfacDDr5tu9RCt19YCjpZCeRUcUgiK','2025-10-23 07:50:54.057131','admin',NULL,NULL,_binary '','─Éß║Ęng Tuß║źn Anh','https://asset.cloudinary.com/dvxobkvcx/ec27e05c5476c3c95ce0d4cc48841456');
/*!40000 ALTER TABLE `user` ENABLE KEYS */;
UNLOCK TABLES;

--
-- Table structure for table `user_roles`
--

DROP TABLE IF EXISTS `user_roles`;
/*!40101 SET @saved_cs_client     = @@character_set_client */;
/*!50503 SET character_set_client = utf8mb4 */;
CREATE TABLE `user_roles` (
  `user_id` bigint NOT NULL,
  `roles_id` bigint NOT NULL,
  PRIMARY KEY (`user_id`,`roles_id`),
  KEY `FKj9553ass9uctjrmh0gkqsmv0d` (`roles_id`),
  CONSTRAINT `FK55itppkw3i07do3h7qoclqd4k` FOREIGN KEY (`user_id`) REFERENCES `user` (`ID`),
  CONSTRAINT `FKj9553ass9uctjrmh0gkqsmv0d` FOREIGN KEY (`roles_id`) REFERENCES `role` (`ID`)
) ENGINE=InnoDB DEFAULT CHARSET=utf8mb4 COLLATE=utf8mb4_0900_ai_ci;
/*!40101 SET character_set_client = @saved_cs_client */;

--
-- Dumping data for table `user_roles`
--

LOCK TABLES `user_roles` WRITE;
/*!40000 ALTER TABLE `user_roles` DISABLE KEYS */;
INSERT INTO `user_roles` VALUES (1,1),(1,2),(2,2),(1,3);
/*!40000 ALTER TABLE `user_roles` ENABLE KEYS */;
UNLOCK TABLES;

--
-- Dumping events for database 'shopmohinh'
--

--
-- Dumping routines for database 'shopmohinh'
--
/*!40103 SET TIME_ZONE=@OLD_TIME_ZONE */;

/*!40101 SET SQL_MODE=@OLD_SQL_MODE */;
/*!40014 SET FOREIGN_KEY_CHECKS=@OLD_FOREIGN_KEY_CHECKS */;
/*!40014 SET UNIQUE_CHECKS=@OLD_UNIQUE_CHECKS */;
/*!40101 SET CHARACTER_SET_CLIENT=@OLD_CHARACTER_SET_CLIENT */;
/*!40101 SET CHARACTER_SET_RESULTS=@OLD_CHARACTER_SET_RESULTS */;
/*!40101 SET COLLATION_CONNECTION=@OLD_COLLATION_CONNECTION */;
/*!40111 SET SQL_NOTES=@OLD_SQL_NOTES */;

-- Dump completed on 2025-10-28 22:25:48
